{"Version":2,"SourceFileDate":132447246702959847,"Flags":["FL_BITMAP_COMPRESSION","FL_BITMAP_MIPMAP","FL_BITMAP_QUALITY_HIGH","FL_BITMAP_PRECOMPUTED_INV_AVG"],"InvAvgColor":[2.1651558876037598,2.8720664978027344,11.231112480163574]}