{"Version":2,"SourceFileDate":132448200372206417,"Flags":["FL_BITMAP_COMPRESSION","FL_BITMAP_MIPMAP","FL_BITMAP_QUALITY_HIGH","FL_BITMAP_PRECOMPUTED_INV_AVG"],"InvAvgColor":[2.0124351978302002,2.4661147594451904,55.628948211669922],"HasTransp":true}