{"Version":2,"SourceFileDate":132509745535916310,"Flags":["FL_BITMAP_COMPRESSION","FL_BITMAP_MIPMAP","FL_BITMAP_QUALITY_HIGH","FL_BITMAP_PRECOMPUTED_INV_AVG"],"InvAvgColor":[1.7293237447738647,2.0880067348480225,2.7310409545898438],"HasTransp":true}